-- 1. 설치 완료 테스트

show databases; -- 데이터베이스 목록 조회

use sakila; -- 작업 데이터베이스 지정

show tables; -- 현재 작업 데이터베이스의 테이블 목록 조회

desc actor; -- 지정된 테이블 정보 조회

select * from actor; -- 지정된 테이블의 데이터 조회

-- 2. 실습용 데이터베이스 만들기 1

DROP DATABASE IF EXISTS market_db; -- 데이터베이스 제거
CREATE DATABASE market_db;	-- 데이터베이스 만들기

USE market_db;

CREATE TABLE member -- 회원 테이블
( 
  mem_id  		CHAR(8) NOT NULL PRIMARY KEY, -- 사용자 아이디(PK)
  mem_name    	VARCHAR(10) NOT NULL, -- 이름
  mem_number    INT NOT NULL,  -- 인원수
  addr	  		CHAR(2) NOT NULL, -- 지역(경기,서울,경남 식으로 2글자만입력)
  phone1		CHAR(3), -- 연락처의 국번(02, 031, 055 등)
  phone2		CHAR(8), -- 연락처의 나머지 전화번호(하이픈제외)
  height    	SMALLINT,  -- 평균 키
  debut_date	DATE  -- 데뷔 일자
);
CREATE TABLE buy -- 구매 테이블
(  num 		INT AUTO_INCREMENT NOT NULL PRIMARY KEY, -- 순번(PK)
   mem_id  	CHAR(8) NOT NULL, -- 아이디(FK)
   prod_name 	CHAR(6) NOT NULL, --  제품이름
   group_name 	CHAR(4)  , -- 분류
   price     	INT  NOT NULL, -- 가격
   amount    	SMALLINT  NOT NULL, -- 수량
   FOREIGN KEY (mem_id) REFERENCES member(mem_id)
);

INSERT INTO member VALUES('TWC', '트와이스', 9, '서울', '02', '11111111', 167, '2015.10.19');
INSERT INTO member VALUES('BLK', '블랙핑크', 4, '경남', '055', '22222222', 163, '2016.08.08');
INSERT INTO member VALUES('WMN', '여자친구', 6, '경기', '031', '33333333', 166, '2015.01.15');
INSERT INTO member VALUES('OMY', '오마이걸', 7, '서울', NULL, NULL, 160, '2015.04.21');
INSERT INTO member VALUES('GRL', '소녀시대', 8, '서울', '02', '44444444', 168, '2007.08.02');
INSERT INTO member VALUES('ITZ', '잇지', 5, '경남', NULL, NULL, 167, '2019.02.12');
INSERT INTO member VALUES('RED', '레드벨벳', 4, '경북', '054', '55555555', 161, '2014.08.01');
INSERT INTO member VALUES('APN', '에이핑크', 6, '경기', '031', '77777777', 164, '2011.02.10');
INSERT INTO member VALUES('SPC', '우주소녀', 13, '서울', '02', '88888888', 162, '2016.02.25');
INSERT INTO member VALUES('MMU', '마마무', 4, '전남', '061', '99999999', 165, '2014.06.19');

INSERT INTO buy VALUES(NULL, 'BLK', '지갑', NULL, 30, 2);
INSERT INTO buy VALUES(NULL, 'BLK', '맥북프로', '디지털', 1000, 1);
INSERT INTO buy VALUES(NULL, 'APN', '아이폰', '디지털', 200, 1);
INSERT INTO buy VALUES(NULL, 'MMU', '아이폰', '디지털', 200, 5);
INSERT INTO buy VALUES(NULL, 'BLK', '청바지', '패션', 50, 3);
INSERT INTO buy VALUES(NULL, 'MMU', '에어팟', '디지털', 80, 10);
INSERT INTO buy VALUES(NULL, 'GRL', '혼공SQL', '서적', 15, 5);
INSERT INTO buy VALUES(NULL, 'APN', '혼공SQL', '서적', 15, 2);
INSERT INTO buy VALUES(NULL, 'APN', '청바지', '패션', 50, 1);
INSERT INTO buy VALUES(NULL, 'MMU', '지갑', NULL, 30, 1);
INSERT INTO buy VALUES(NULL, 'APN', '혼공SQL', '서적', 15, 1);
INSERT INTO buy VALUES(NULL, 'MMU', '지갑', NULL, 30, 4);

SELECT * FROM member;
SELECT * FROM buy;


-- 3. 실습용 데이터베이스 만들기 2

CREATE TABLE Book (
  bookid      INTEGER PRIMARY KEY,
  bookname    VARCHAR(40),
  publisher   VARCHAR(40),
  price       INTEGER 
);

CREATE TABLE  Customer (
  custid      INTEGER PRIMARY KEY,  
  name        VARCHAR(40),
  address     VARCHAR(50),
  phone       VARCHAR(20)
);

CREATE TABLE Orders (
  orderid INTEGER PRIMARY KEY,
  custid  INTEGER ,
  bookid  INTEGER ,
  saleprice INTEGER ,
  orderdate DATE,
  FOREIGN KEY (custid) REFERENCES Customer(custid),
  FOREIGN KEY (bookid) REFERENCES Book(bookid)
);

INSERT INTO Book VALUES(1, '축구의 역사', '굿스포츠', 7000);
INSERT INTO Book VALUES(2, '축구아는 여자', '나무수', 13000);
INSERT INTO Book VALUES(3, '축구의 이해', '대한미디어', 22000);
INSERT INTO Book VALUES(4, '골프 바이블', '대한미디어', 35000);
INSERT INTO Book VALUES(5, '피겨 교본', '굿스포츠', 8000);
INSERT INTO Book VALUES(6, '역도 단계별기술', '굿스포츠', 6000);
INSERT INTO Book VALUES(7, '야구의 추억', '이상미디어', 20000);
INSERT INTO Book VALUES(8, '야구를 부탁해', '이상미디어', 13000);
INSERT INTO Book VALUES(9, '올림픽 이야기', '삼성당', 7500);
INSERT INTO Book VALUES(10, 'Olympic Champions', 'Pearson', 13000);

INSERT INTO Customer VALUES (1, '박지성', '영국 맨체스타', '000-5000-0001');
INSERT INTO Customer VALUES (2, '김연아', '대한민국 서울', '000-6000-0001');  
INSERT INTO Customer VALUES (3, '장미란', '대한민국 강원도', '000-7000-0001');
INSERT INTO Customer VALUES (4, '추신수', '미국 클리블랜드', '000-8000-0001');
INSERT INTO Customer VALUES (5, '박세리', '대한민국 대전',  NULL);

INSERT INTO Orders VALUES (1, 1, 1, 6000, STR_TO_DATE('2014-07-01','%Y-%m-%d')); 
INSERT INTO Orders VALUES (2, 1, 3, 21000, STR_TO_DATE('2014-07-03','%Y-%m-%d'));
INSERT INTO Orders VALUES (3, 2, 5, 8000, STR_TO_DATE('2014-07-03','%Y-%m-%d')); 
INSERT INTO Orders VALUES (4, 3, 6, 6000, STR_TO_DATE('2014-07-04','%Y-%m-%d')); 
INSERT INTO Orders VALUES (5, 4, 7, 20000, STR_TO_DATE('2014-07-05','%Y-%m-%d'));
INSERT INTO Orders VALUES (6, 1, 2, 12000, STR_TO_DATE('2014-07-07','%Y-%m-%d'));
INSERT INTO Orders VALUES (7, 4, 8, 13000, STR_TO_DATE( '2014-07-07','%Y-%m-%d'));
INSERT INTO Orders VALUES (8, 3, 10, 12000, STR_TO_DATE('2014-07-08','%Y-%m-%d')); 
INSERT INTO Orders VALUES (9, 2, 10, 7000, STR_TO_DATE('2014-07-09','%Y-%m-%d')); 
INSERT INTO Orders VALUES (10, 3, 8, 13000, STR_TO_DATE('2014-07-10','%Y-%m-%d'));

-- 여기는 3장에서 사용되는 Imported_book 테이블
CREATE TABLE Imported_Book (
  bookid      INTEGER,
  bookname    VARCHAR(40),
  publisher   VARCHAR(40),
  price       INTEGER 
);

INSERT INTO Imported_Book VALUES(21, 'Zen Golf', 'Pearson', 12000);
INSERT INTO Imported_Book VALUES(22, 'Soccer Skills', 'Human Kinetics', 15000);
commit;


-- 4. 테스트 사용자 계정 만들기 + 권한 부여

CREATE USER testuser@localhost IDENTIFIED BY "mysql"; 	-- 계정 만들기
CREATE USER testuser@"%" IDENTIFIED BY "mysql";			-- 계정 만들기 ( % : localhost 제외한 모든 컴퓨터로부터 )

GRANT ALL PRIVILEGES ON market_db.* TO testuser@localhost;	-- 권한 부여
GRANT ALL PRIVILEGES ON market_db.* TO testuser@"%";		-- 권한 부여











