<?xml version="1.0" encoding="UTF-8"?>
<beans xmlns="http://www.springframework.org/schema/beans"
	xmlns:xsi="http://www.w3.org/2001/XMLSchema-instance"
	xmlns:context="http://www.springframework.org/schema/context"
	xmlns:mybatis="http://mybatis.org/schema/mybatis-spring"
	xsi:schemaLocation="http://www.springframework.org/schema/beans http://www.springframework.org/schema/beans/spring-beans.xsd
		http://www.springframework.org/schema/context http://www.springframework.org/schema/context/spring-context.xsd
		http://mybatis.org/schema/mybatis-spring http://mybatis.org/schema/mybatis-spring.xsd">
	
	<!-- Root Context: defines shared resources visible to all other web components -->
	
	<bean id="dataSource" class="org.apache.commons.dbcp2.BasicDataSource">
		<property name="driverClassName" value="com.mysql.cj.jdbc.Driver" />
		<property name="url" value="jdbc:mysql://43.201.107.251:3306/demoweb?serverTimezone=UTC" />
		<property name="username" value="developer" />
		<property name="password" value="developer" />
		<property name="maxTotal" value="100" />
		<property name="maxIdle" value="10" />
		<property name="maxWaitMillis" value="-1" />
	</bean>
	
	<bean id="sqlSessionFactory" class="org.mybatis.spring.SqlSessionFactoryBean">
		<property name="dataSource" ref="dataSource" />
		<property name="configLocation" value="classpath:mybatis-config.xml" />
	</bean>
	
	<mybatis:scan base-package="com.demoweb.mapper" />
	
	<import resource="member-context.xml" />
	<import resource="board-context.xml" />


</beans>

















